name,culture,business,crime,fashion,health,politics,science,sports,tech
TF-IDF,0.6190476190476191,0.4888888888888889,0.4782608695652174,0.5945945945945946,0.6756756756756757,0.625,0.6470588235294118,0.45714285714285713,0.5
RAKE,0.8095238095238095,0.7777777777777778,1.0,0.7297297297297297,0.8648648648648649,0.7916666666666666,0.8235294117647058,0.8571428571428571,0.7272727272727273
VanillaTextRank,0.7857142857142857,0.5333333333333333,0.6086956521739131,0.7297297297297297,0.6216216216216216,0.5833333333333334,0.7647058823529411,0.5714285714285714,0.5454545454545454
PositionBiasedTextRank,0.7142857142857143,0.4444444444444444,0.6521739130434783,0.6756756756756757,0.6216216216216216,0.5416666666666666,0.6470588235294118,0.6,0.45454545454545453
