name,culture,business,crime
TF-IDF,0.9761904761904762,0.8,0.8695652173913043
RAKE,0.7857142857142857,0.8666666666666667,0.9130434782608695
VanillaTextRank,0.8571428571428571,0.6222222222222222,0.6521739130434783
PositionBiasedTextRank,0.8095238095238095,0.5555555555555556,0.6521739130434783
