name,culture,business,crime,fashion,health,politics,science,sports,tech
VanillaTextRank,0.20930232558139536,0.45652173913043476,0.375,0.2631578947368421,0.3684210526315789,0.32,0.22857142857142856,0.3611111111111111,0.43478260869565216
PositionBiasedTextRank,0.2558139534883721,0.5434782608695652,0.3333333333333333,0.3157894736842105,0.3684210526315789,0.4,0.34285714285714286,0.3611111111111111,0.5217391304347826
TFIDFAdapter,0.20930232558139536,0.45652173913043476,0.4166666666666667,0.3157894736842105,0.3157894736842105,0.24,0.2857142857142857,0.3333333333333333,0.5217391304347826
RAKEAdapter,0.3023255813953488,0.2391304347826087,0.0,0.21052631578947367,0.13157894736842105,0.2,0.17142857142857143,0.19444444444444445,0.2608695652173913
